seqname	Prokka_ID	start	end	feature	source	Additional_DB	Prokka_product	Additional_product	Prokka_inference	Domain
gnl|UNB|ANHFIBLH_1	anhfiblh_00019	14621	15094	CDS	Prodigal:2.6	NA	pf13302.1_acetyltransferase_(gnat)_domain_[aro:3000000]	NA	ab_initio_prediction:prodigal:2.6,protein_motif:resfams_resistance:rf0012	NA
gnl|UNB|ANHFIBLH_1	anhfiblh_00111	96239	97291	CDS	Prodigal:2.6	NA	"pf00165.18_bacterial_regulatory_helix-turn-helix_proteins%2c_arac_family"_[aro:3000000]	NA	ab_initio_prediction:prodigal:2.6,protein_motif:resfams_resistance:rf0079	NA
gnl|UNB|ANHFIBLH_1	anhfiblh_00162	153448	154680	CDS	Prodigal:2.6	NA	pf07690.11_major_facilitator_superfamily_[aro:0010002]	NA	ab_initio_prediction:prodigal:2.6,protein_motif:resfams_resistance:rf0102	NA
gnl|UNB|ANHFIBLH_1	anhfiblh_00288	292601	293776	CDS,resistance	Prodigal:2.6,card,resfinder	card	efflux_pump_periplasmic_linker_bepf	resfinder:oqxa_1_eu370913_	ab_initio_prediction:prodigal:2.6,similar_to_aa_sequence:uniprotkb:q8fwv8	NA
gnl|UNB|ANHFIBLH_1	anhfiblh_00289	293800	296952	CDS,resistance	Prodigal:2.6,card,resfinder	card	multidrug_efflux_rnd_transporter_permease_subunit_oqxb3	resfinder:oqxb_1_eu370913_	ab_initio_prediction:prodigal:2.6,similar_to_aa_sequence:barrgd:a7j11_02713	NA
gnl|UNB|ANHFIBLH_1	anhfiblh_00423	428315	429517	CDS	Prodigal:2.6	NA	putative_multidrug_resistance_protein_mdtd	NA	ab_initio_prediction:prodigal:2.6,protein_motif:hamap:mf_01577	NA
gnl|UNB|ANHFIBLH_1	anhfiblh_00555	571604	572083	CDS	Prodigal:2.6	NA	pf13527.1_acetyltransferase_(gnat)_domain_[aro:3000000]	NA	ab_initio_prediction:prodigal:2.6,protein_motif:resfams_resistance:rf0016	NA
gnl|UNB|ANHFIBLH_1	anhfiblh_00591	610990	611496	CDS	Prodigal:2.6	NA	pf01047.17_marr_family_[aro:3000718]	NA	ab_initio_prediction:prodigal:2.6,protein_motif:resfams_resistance:rf0092	NA
gnl|UNB|ANHFIBLH_1	anhfiblh_00606	624853	625878	CDS	Prodigal:2.6	NA	multidrug_resistance_protein_mdtn	NA	ab_initio_prediction:prodigal:2.6,similar_to_aa_sequence:uniprotkb:p32716	NA
gnl|UNB|ANHFIBLH_1	anhfiblh_00607	625891	627828	CDS	Prodigal:2.6	NA	multidrug_resistance_protein_mdto	NA	ab_initio_prediction:prodigal:2.6,similar_to_aa_sequence:uniprotkb:p32715	NA
gnl|UNB|ANHFIBLH_1	anhfiblh_00635	651082	651654	CDS	Prodigal:2.6	NA	putative_multidrug_resistance_protein_emrk	NA	ab_initio_prediction:prodigal:2.6,similar_to_aa_sequence:uniprotkb:p52599	NA
gnl|UNB|ANHFIBLH_1	anhfiblh_00636	651658	653046	CDS	Prodigal:2.6	NA	putative_multidrug_resistance_protein_emry	NA	ab_initio_prediction:prodigal:2.6,similar_to_aa_sequence:uniprotkb:p52600	NA
gnl|UNB|ANHFIBLH_1	anhfiblh_00660	666914	667270	CDS	Prodigal:2.6	NA	macb:_subunit_of_efflux_pump_conferring_antibiotic_resistance_[aro:3000535]	NA	ab_initio_prediction:prodigal:2.6,protein_motif:resfams_resistance:rf0089	NA
gnl|UNB|ANHFIBLH_1	anhfiblh_00947	939354	939857	CDS	Prodigal:2.6	NA	pf00583.19_acetyltransferase_(gnat)_family_[aro:3000000]	NA	ab_initio_prediction:prodigal:2.6,protein_motif:resfams_resistance:rf0011	NA
gnl|UNB|ANHFIBLH_1	anhfiblh_01113	1093195	1093827	CDS,virulence,resistance	Prodigal:2.6,victors,card	victors	camp-activated_global_transcriptional_regulator_crp	victors:gi|16766754|ref|np_462369.1|_camp-activated_global_transcriptional_regulator_[salmonella_enterica_subsp._enterica_serovar_typhimurium_str._lt2]	ab_initio_prediction:prodigal:2.6,similar_to_aa_sequence:uniprotkb:p0a2t7	NA
gnl|UNB|ANHFIBLH_1	anhfiblh_01215	1206002	1207987	CDS	Prodigal:2.6	NA	bifunctional_polymyxin_resistance_protein_arna	NA	ab_initio_prediction:prodigal:2.6,similar_to_aa_sequence:uniprotkb:p77398	NA
gnl|UNB|ANHFIBLH_1	anhfiblh_01240	1235411	1235944	CDS	Prodigal:2.6	NA	pf13302.1_acetyltransferase_(gnat)_domain_[aro:3000000]	NA	ab_initio_prediction:prodigal:2.6,protein_motif:resfams_resistance:rf0012	NA
gnl|UNB|ANHFIBLH_1	anhfiblh_01394	1416002	1416781	CDS	Prodigal:2.6	NA	pf12706.2_beta-lactamase_superfamily_domain_[aro:3000001]	NA	ab_initio_prediction:prodigal:2.6,protein_motif:resfams_resistance:rf0086	NA
gnl|UNB|ANHFIBLH_1	anhfiblh_01403	1422999	1424492	CDS	Prodigal:2.6	NA	multidrug_resistance_protein_3	NA	ab_initio_prediction:prodigal:2.6,similar_to_aa_sequence:uniprotkb:p96712	NA
gnl|UNB|ANHFIBLH_1	anhfiblh_01406	1426403	1427527	CDS	Prodigal:2.6	NA	multidrug_resistance_protein_mexa	NA	ab_initio_prediction:prodigal:2.6,similar_to_aa_sequence:uniprotkb:p52477	NA
gnl|UNB|ANHFIBLH_1	anhfiblh_01407	1427527	1430634	CDS	Prodigal:2.6	NA	multidrug_resistance_protein_mexb	NA	ab_initio_prediction:prodigal:2.6,similar_to_aa_sequence:uniprotkb:p52002	NA
gnl|UNB|ANHFIBLH_1	anhfiblh_01409	1432048	1433211	CDS	Prodigal:2.6	NA	bicyclomycin_resistance_protein	NA	ab_initio_prediction:prodigal:2.6,similar_to_aa_sequence:uniprotkb:p28246	NA
gnl|UNB|ANHFIBLH_1	anhfiblh_01446	1467481	1467927	CDS	Prodigal:2.6	NA	pf13508.1_acetyltransferase_(gnat)_domain_[aro:3000000]	NA	ab_initio_prediction:prodigal:2.6,protein_motif:resfams_resistance:rf0014	NA
gnl|UNB|ANHFIBLH_1	anhfiblh_01448	1469004	1470188	CDS	Prodigal:2.6	NA	multidrug_resistance_protein_d	NA	ab_initio_prediction:prodigal:2.6,similar_to_aa_sequence:uniprotkb:p31442	NA
gnl|UNB|ANHFIBLH_1	anhfiblh_01479	1504326	1504745	CDS	Prodigal:2.6	NA	pf00583.19_acetyltransferase_(gnat)_family_[aro:3000000]	NA	ab_initio_prediction:prodigal:2.6,protein_motif:resfams_resistance:rf0011	NA
gnl|UNB|ANHFIBLH_1	anhfiblh_01480	1504845	1506957	CDS	Prodigal:2.6	NA	multidrug_resistance_protein_mdtl	NA	ab_initio_prediction:prodigal:2.6,similar_to_aa_sequence:uniprotkb:p31462	NA
gnl|UNB|ANHFIBLH_1	anhfiblh_01540	1575025	1575966	CDS	Prodigal:2.6	NA	pf13508.1_acetyltransferase_(gnat)_domain_[aro:3000000]	NA	ab_initio_prediction:prodigal:2.6,protein_motif:resfams_resistance:rf0014	NA
gnl|UNB|ANHFIBLH_1	anhfiblh_01560	1590340	1591029	CDS	Prodigal:2.6	NA	azlc:_azaleucine_resistance_protein_azlc	NA	ab_initio_prediction:prodigal:2.6,protein_motif:tigrfams_15:tigr00346	NA
gnl|UNB|ANHFIBLH_1	anhfiblh_01737	1784774	1785211	CDS	Prodigal:2.6	NA	zinc_resistance-associated_protein	NA	ab_initio_prediction:prodigal:2.6,similar_to_aa_sequence:uniprotkb:q9l9i0	NA
gnl|UNB|ANHFIBLH_1	anhfiblh_01759	1817825	1818334	CDS	Prodigal:2.6	NA	pf00583.19_acetyltransferase_(gnat)_family_[aro:3000000]	NA	ab_initio_prediction:prodigal:2.6,protein_motif:resfams_resistance:rf0011	NA
gnl|UNB|ANHFIBLH_1	anhfiblh_01888	1958590	1958907	CDS	Prodigal:2.6	NA	quaternary_ammonium_compound-resistance_protein_suge	NA	ab_initio_prediction:prodigal:2.6,similar_to_aa_sequence:uniprotkb:p69937	NA
gnl|UNB|ANHFIBLH_1	anhfiblh_01932	2001313	2002506	CDS	Prodigal:2.6	NA	pf07690.11_major_facilitator_superfamily_[aro:0010002]	NA	ab_initio_prediction:prodigal:2.6,protein_motif:resfams_resistance:rf0102	NA
gnl|UNB|ANHFIBLH_1	anhfiblh_01963	2033214	2033741	CDS	Prodigal:2.6	NA	pf13508.1_acetyltransferase_(gnat)_domain_[aro:3000000]	NA	ab_initio_prediction:prodigal:2.6,protein_motif:resfams_resistance:rf0014	NA
gnl|UNB|ANHFIBLH_1	anhfiblh_01997	2068072	2068575	CDS	Prodigal:2.6	NA	pf00583.19_acetyltransferase_(gnat)_family_[aro:3000000]	NA	ab_initio_prediction:prodigal:2.6,protein_motif:resfams_resistance:rf0011	NA
gnl|UNB|ANHFIBLH_1	anhfiblh_02165	2221958	2222491	CDS	Prodigal:2.6	NA	pf13508.1_acetyltransferase_(gnat)_domain_[aro:3000000]	NA	ab_initio_prediction:prodigal:2.6,protein_motif:resfams_resistance:rf0014	NA
gnl|UNB|ANHFIBLH_1	anhfiblh_02171	2234072	2235139	CDS	Prodigal:2.6	NA	tigr01730_rnd_mfp:_efflux_transporter%2c_rnd_family%2c_mfp_subunit	NA	ab_initio_prediction:prodigal:2.6,protein_motif:resfams_resistance:rf0164	NA
gnl|UNB|ANHFIBLH_1	anhfiblh_02179	2243201	2243620	CDS,resistance	Prodigal:2.6,card,resfinder	card	glutathione_transferase_fosa	resfinder:fosa6_1_ku254579_	ab_initio_prediction:prodigal:2.6,similar_to_aa_sequence:uniprotkb:q56415	NA
gnl|UNB|ANHFIBLH_1	anhfiblh_02189	2250481	2251722	CDS	Prodigal:2.6	NA	multidrug_resistance_protein_mdtm	NA	ab_initio_prediction:prodigal:2.6,similar_to_aa_sequence:uniprotkb:p39386	NA
gnl|UNB|ANHFIBLH_1	anhfiblh_02212	2274357	2275327	CDS	Prodigal:2.6	NA	pf01047.17_marr_family_[aro:3000718]	NA	ab_initio_prediction:prodigal:2.6,protein_motif:resfams_resistance:rf0092	NA
gnl|UNB|ANHFIBLH_1	anhfiblh_02223	2283833	2284369	CDS	Prodigal:2.6	NA	pf00583.19_acetyltransferase_(gnat)_family_[aro:3000000]	NA	ab_initio_prediction:prodigal:2.6,protein_motif:resfams_resistance:rf0011	NA
gnl|UNB|ANHFIBLH_1	anhfiblh_02469	2565635	2566024	CDS	Prodigal:2.6	NA	pf00903.20_glyoxalase/bleomycin_resistance_protein/dioxygenase_superfamily_[aro:3000000]	NA	ab_initio_prediction:prodigal:2.6,protein_motif:resfams_resistance:rf0077	NA
gnl|UNB|ANHFIBLH_1	anhfiblh_02580	2680826	2682544	CDS	Prodigal:2.6	NA	pf01553.16_acyltransferase_[aro:3000000]	NA	ab_initio_prediction:prodigal:2.6,protein_motif:resfams_resistance:rf0018	NA
gnl|UNB|ANHFIBLH_1	anhfiblh_02590	2691146	2692345	CDS	Prodigal:2.6	NA	tetracycline_resistance_protein%2c_class_b	NA	ab_initio_prediction:prodigal:2.6,similar_to_aa_sequence:uniprotkb:p02980	NA
gnl|UNB|ANHFIBLH_1	anhfiblh_02676	2779721	2781493	CDS	Prodigal:2.6	NA	putative_multidrug_resistance_abc_transporter_atp-binding/permease_protein_yhei	NA	ab_initio_prediction:prodigal:2.6,similar_to_aa_sequence:uniprotkb:o07550	NA
gnl|UNB|ANHFIBLH_1	anhfiblh_02677	2781486	2783264	CDS	Prodigal:2.6	NA	multidrug_resistance-like_atp-binding_protein_mdlb	NA	ab_initio_prediction:prodigal:2.6,similar_to_aa_sequence:uniprotkb:p0aag5	NA
gnl|UNB|ANHFIBLH_1	anhfiblh_02702	2806058	2806756	CDS	Prodigal:2.6	NA	pf13302.1_acetyltransferase_(gnat)_domain_[aro:3000000]	NA	ab_initio_prediction:prodigal:2.6,protein_motif:resfams_resistance:rf0012	NA
gnl|UNB|ANHFIBLH_1	anhfiblh_02708	2810716	2813862	CDS,virulence	Prodigal:2.6,vfdb	vfdb	multidrug_efflux_pump_subunit_acrb	vfdb:vfg049144(gb|yp_002918165.1)_(acrb)_acriflavine_resistance_protein_b_[acrab_(vf0568)]_[klebsiella_pneumoniae_subsp._pneumoniae_ntuh-k2044]	ab_initio_prediction:prodigal:2.6,similar_to_aa_sequence:uniprotkb:p31224	NA
gnl|UNB|ANHFIBLH_1	anhfiblh_02709	2813885	2815078	CDS,virulence,resistance	Prodigal:2.6,vfdb,card	vfdb	multidrug_efflux_pump_subunit_acra	vfdb:vfg049133(gb|yp_002918166.1)_(acra)_acriflavine_resistance_protein_a_[acrab_(vf0568)]_[klebsiella_pneumoniae_subsp._pneumoniae_ntuh-k2044]	ab_initio_prediction:prodigal:2.6,similar_to_aa_sequence:uniprotkb:p0ae06	NA
gnl|UNB|ANHFIBLH_1	anhfiblh_02725	2832458	2833678	CDS	Prodigal:2.6	NA	fosmidomycin_resistance_protein	NA	ab_initio_prediction:prodigal:2.6,similar_to_aa_sequence:uniprotkb:p52067	NA
gnl|UNB|ANHFIBLH_1	anhfiblh_02794	2890739	2891605	CDS	Prodigal:2.6	NA	pf13527.1_acetyltransferase_(gnat)_domain_[aro:3000000]	NA	ab_initio_prediction:prodigal:2.6,protein_motif:resfams_resistance:rf0016	NA
gnl|UNB|ANHFIBLH_1	anhfiblh_02833	2937640	2938812	CDS	Prodigal:2.6	NA	pf07690.11_major_facilitator_superfamily_[aro:0010002]	NA	ab_initio_prediction:prodigal:2.6,protein_motif:resfams_resistance:rf0102	NA
gnl|UNB|ANHFIBLH_1	anhfiblh_02849	2957489	2958916	CDS	Prodigal:2.6	NA	multidrug_resistance_protein_stp	NA	ab_initio_prediction:prodigal:2.6,similar_to_aa_sequence:uniprotkb:p9wg91	NA
gnl|UNB|ANHFIBLH_1	anhfiblh_02861	2969575	2970654	CDS	Prodigal:2.6	NA	multidrug_resistance_protein_mdta	NA	ab_initio_prediction:prodigal:2.6,similar_to_aa_sequence:uniprotkb:p76397	NA
gnl|UNB|ANHFIBLH_1	anhfiblh_02879	2991904	2992599	CDS	Prodigal:2.6	NA	pf13302.1_acetyltransferase_(gnat)_domain_[aro:3000000]	NA	ab_initio_prediction:prodigal:2.6,protein_motif:resfams_resistance:rf0012	NA
gnl|UNB|ANHFIBLH_1	anhfiblh_03127	3247956	3248216	CDS	Prodigal:2.6	NA	multiple_stress_resistance_protein_bhsa	NA	ab_initio_prediction:prodigal:2.6,similar_to_aa_sequence:uniprotkb:p0ab40	NA
gnl|UNB|ANHFIBLH_1	anhfiblh_03239	3377738	3380002	CDS	Prodigal:2.6	NA	pf00753.22_metallo-beta-lactamase_superfamily_[aro:3000004]	NA	ab_initio_prediction:prodigal:2.6,protein_motif:resfams_resistance:rf0085	NA
gnl|UNB|ANHFIBLH_1	anhfiblh_03373	3525372	3526598	CDS	Prodigal:2.6	NA	multidrug_resistance_protein_mdtg	NA	ab_initio_prediction:prodigal:2.6,protein_motif:hamap:mf_01528	NA
gnl|UNB|ANHFIBLH_1	anhfiblh_03382	3533101	3534309	CDS	Prodigal:2.6	NA	multidrug_resistance_protein_mdth	NA	ab_initio_prediction:prodigal:2.6,similar_to_aa_sequence:uniprotkb:p69367	NA
gnl|UNB|ANHFIBLH_1	anhfiblh_03416	3568712	3568969	CDS	Prodigal:2.6	NA	multiple_stress_resistance_protein_bhsa	NA	ab_initio_prediction:prodigal:2.6,similar_to_aa_sequence:uniprotkb:p0ab40	NA
gnl|UNB|ANHFIBLH_1	anhfiblh_03634	3770574	3771032	CDS	Prodigal:2.6	NA	pf12802.2_marr_family_[aro:3000718]	NA	ab_initio_prediction:prodigal:2.6,protein_motif:resfams_resistance:rf0093	NA
gnl|UNB|ANHFIBLH_1	anhfiblh_03680	3822178	3823569	CDS	Prodigal:2.6	NA	quinolone_resistance_protein_norb	NA	ab_initio_prediction:prodigal:2.6,similar_to_aa_sequence:uniprotkb:q8nwq5	NA
gnl|UNB|ANHFIBLH_1	anhfiblh_03789	3940994	3941653	CDS	Prodigal:2.6	NA	pf12847.2_methyltransferase_domain_[aro:3000000]	NA	ab_initio_prediction:prodigal:2.6,protein_motif:resfams_resistance:rf0095	NA
gnl|UNB|ANHFIBLH_1	anhfiblh_03791	3943045	3944130	CDS	Prodigal:2.6	NA	putative_multidrug_resistance_protein_emrk	NA	ab_initio_prediction:prodigal:2.6,similar_to_aa_sequence:uniprotkb:p52599	NA
gnl|UNB|ANHFIBLH_1	anhfiblh_03792	3944159	3945811	CDS	Prodigal:2.6	NA	"tigr00711_efflux_emrb:_drug_resistance_mfs_transporter%2c_drug:h+_antiporter-2_(14_spanner)_(dha2)_family"_[aro:3000074]	NA	ab_initio_prediction:prodigal:2.6,protein_motif:resfams_resistance:rf0141	NA
gnl|UNB|ANHFIBLH_1	anhfiblh_03913	4072622	4073482	CDS,resistance	Prodigal:2.6,card,resfinder	card	beta-lactamase_shv-1	resfinder:blashv-182_1_kp050489	ab_initio_prediction:prodigal:2.6,similar_to_aa_sequence:uniprotkb:p0ad63	NA
gnl|UNB|ANHFIBLH_1	anhfiblh_03919	4081189	4081629	CDS	Prodigal:2.6	NA	pf13508.1_acetyltransferase_(gnat)_domain_[aro:3000000]	NA	ab_initio_prediction:prodigal:2.6,protein_motif:resfams_resistance:rf0014	NA
gnl|UNB|ANHFIBLH_1	anhfiblh_03930	4090986	4092182	CDS	Prodigal:2.6	NA	pf07690.11_major_facilitator_superfamily_[aro:0010002]	NA	ab_initio_prediction:prodigal:2.6,protein_motif:resfams_resistance:rf0102	NA
gnl|UNB|ANHFIBLH_1	anhfiblh_03933	4093585	4093959	CDS	Prodigal:2.6	NA	multiple_antibiotic_resistance_protein_mara	NA	ab_initio_prediction:prodigal:2.6,similar_to_aa_sequence:uniprotkb:p0ach5	NA
gnl|UNB|ANHFIBLH_1	anhfiblh_03934	4093980	4094414	CDS	Prodigal:2.6	NA	multiple_antibiotic_resistance_protein_marr	NA	ab_initio_prediction:prodigal:2.6,similar_to_aa_sequence:uniprotkb:p27245	NA
gnl|UNB|ANHFIBLH_1	anhfiblh_03948	4107772	4108254	CDS	Prodigal:2.6	NA	pf00583.19_acetyltransferase_(gnat)_family_[aro:3000000]	NA	ab_initio_prediction:prodigal:2.6,protein_motif:resfams_resistance:rf0011	NA
gnl|UNB|ANHFIBLH_1	anhfiblh_03956	4115917	4116363	CDS	Prodigal:2.6	NA	pf00583.19_acetyltransferase_(gnat)_family_[aro:3000000]	NA	ab_initio_prediction:prodigal:2.6,protein_motif:resfams_resistance:rf0011	NA
gnl|UNB|ANHFIBLH_1	anhfiblh_04009	4163603	4164067	CDS	Prodigal:2.6	NA	nickel_and_cobalt_resistance_protein_cnra	NA	ab_initio_prediction:prodigal:2.6,similar_to_aa_sequence:uniprotkb:p37972	NA
gnl|UNB|ANHFIBLH_1	anhfiblh_04010	4164079	4164666	CDS	Prodigal:2.6	NA	multidrug_resistance_protein_mexb	NA	ab_initio_prediction:prodigal:2.6,similar_to_aa_sequence:uniprotkb:p52002	NA
gnl|UNB|ANHFIBLH_1	anhfiblh_04011	4164989	4166308	CDS	Prodigal:2.6	NA	multidrug_resistance_protein_mdtc	NA	ab_initio_prediction:prodigal:2.6,protein_motif:hamap:mf_01424	NA
gnl|UNB|ANHFIBLH_1	anhfiblh_04012	4166418	4166672	CDS	Prodigal:2.6	NA	resistance-nodulation-cell_division_(rnd)_antibiotic_efflux_pump_[aro:0010004]	NA	ab_initio_prediction:prodigal:2.6,protein_motif:resfams_resistance:rf0115	NA
gnl|UNB|ANHFIBLH_1	anhfiblh_04013	4166669	4166947	CDS	Prodigal:2.6	NA	tigr01730_rnd_mfp:_efflux_transporter%2c_rnd_family%2c_mfp_subunit	NA	ab_initio_prediction:prodigal:2.6,protein_motif:resfams_resistance:rf0164	NA
gnl|UNB|ANHFIBLH_1	anhfiblh_04014	4167140	4167814	CDS	Prodigal:2.6	NA	tigr01730_rnd_mfp:_efflux_transporter%2c_rnd_family%2c_mfp_subunit	NA	ab_initio_prediction:prodigal:2.6,protein_motif:resfams_resistance:rf0164	NA
gnl|UNB|ANHFIBLH_1	anhfiblh_04015	4167915	4168565	CDS	Prodigal:2.6	NA	ades:_gene_modulating_antibiotic_efflux_regulating_adeabc_[aro:3000549]	NA	ab_initio_prediction:prodigal:2.6,protein_motif:resfams_resistance:rf0023	NA
gnl|UNB|ANHFIBLH_1	anhfiblh_04043	4196034	4196570	CDS	Prodigal:2.6	NA	pf13302.1_acetyltransferase_(gnat)_domain_[aro:3000000]	NA	ab_initio_prediction:prodigal:2.6,protein_motif:resfams_resistance:rf0012	NA
gnl|UNB|ANHFIBLH_1	anhfiblh_04139	4295232	4296083	CDS	Prodigal:2.6	NA	pf00753.22_metallo-beta-lactamase_superfamily_[aro:3000004]	NA	ab_initio_prediction:prodigal:2.6,protein_motif:resfams_resistance:rf0085	NA
gnl|UNB|ANHFIBLH_1	anhfiblh_04144	4301319	4302272	CDS	Prodigal:2.6	NA	pf00583.19_acetyltransferase_(gnat)_family_[aro:3000000]	NA	ab_initio_prediction:prodigal:2.6,protein_motif:resfams_resistance:rf0011	NA
gnl|UNB|ANHFIBLH_1	anhfiblh_04154	4313027	4313467	CDS	Prodigal:2.6	NA	pf00903.20_glyoxalase/bleomycin_resistance_protein/dioxygenase_superfamily_[aro:3000000]	NA	ab_initio_prediction:prodigal:2.6,protein_motif:resfams_resistance:rf0077	NA
gnl|UNB|ANHFIBLH_1	anhfiblh_04170	4328028	4329525	CDS	Prodigal:2.6	NA	methyl_viologen_resistance_protein_smva	NA	ab_initio_prediction:prodigal:2.6,similar_to_aa_sequence:uniprotkb:d0zxq3	NA
gnl|UNB|ANHFIBLH_1	anhfiblh_04206	4354162	4354671	CDS	Prodigal:2.6	NA	pf00583.19_acetyltransferase_(gnat)_family_[aro:3000000]	NA	ab_initio_prediction:prodigal:2.6,protein_motif:resfams_resistance:rf0011	NA
gnl|UNB|ANHFIBLH_1	anhfiblh_04251	4397578	4398582	CDS	Prodigal:2.6	NA	tellurite_resistance_protein_teha	NA	ab_initio_prediction:prodigal:2.6,similar_to_aa_sequence:uniprotkb:p25396	NA
gnl|UNB|ANHFIBLH_1	anhfiblh_04313	4457270	4458643	CDS	Prodigal:2.6	NA	multidrug_resistance_protein_mdtk	NA	ab_initio_prediction:prodigal:2.6,similar_to_aa_sequence:uniprotkb:p37340	NA
gnl|UNB|ANHFIBLH_1	anhfiblh_04320	4463341	4464177	CDS	Prodigal:2.6	NA	pf00753.22_metallo-beta-lactamase_superfamily_[aro:3000004]	NA	ab_initio_prediction:prodigal:2.6,protein_motif:resfams_resistance:rf0085	NA
gnl|UNB|ANHFIBLH_1	anhfiblh_04328	4468998	4469381	CDS	Prodigal:2.6	NA	pf00903.20_glyoxalase/bleomycin_resistance_protein/dioxygenase_superfamily_[aro:3000000]	NA	ab_initio_prediction:prodigal:2.6,protein_motif:resfams_resistance:rf0077	NA
gnl|UNB|ANHFIBLH_1	anhfiblh_04338	4478005	4479537	CDS	Prodigal:2.6	NA	multidrug_resistance_protein_stp	NA	ab_initio_prediction:prodigal:2.6,similar_to_aa_sequence:uniprotkb:p9wg91	NA
gnl|UNB|ANHFIBLH_1	anhfiblh_04380	4520200	4520571	CDS	Prodigal:2.6	NA	pf00903.20_glyoxalase/bleomycin_resistance_protein/dioxygenase_superfamily_[aro:3000000]	NA	ab_initio_prediction:prodigal:2.6,protein_motif:resfams_resistance:rf0077	NA
gnl|UNB|ANHFIBLH_1	anhfiblh_04388	4531165	4531599	CDS	Prodigal:2.6	NA	pf00903.20_glyoxalase/bleomycin_resistance_protein/dioxygenase_superfamily_[aro:3000000]	NA	ab_initio_prediction:prodigal:2.6,protein_motif:resfams_resistance:rf0077	NA
gnl|UNB|ANHFIBLH_1	anhfiblh_04389	4532165	4533397	CDS	Prodigal:2.6	NA	multidrug_resistance_protein_mdtm	NA	ab_initio_prediction:prodigal:2.6,similar_to_aa_sequence:uniprotkb:p39386	NA
gnl|UNB|ANHFIBLH_1	anhfiblh_04443	4584946	4588038	CDS	Prodigal:2.6	NA	nickel_and_cobalt_resistance_protein_cnra	NA	ab_initio_prediction:prodigal:2.6,similar_to_aa_sequence:uniprotkb:p37972	NA
gnl|UNB|ANHFIBLH_1	anhfiblh_04444	4588035	4589144	CDS	Prodigal:2.6	NA	multidrug_resistance_protein_mdta	NA	ab_initio_prediction:prodigal:2.6,protein_motif:hamap:mf_01422	NA
gnl|UNB|ANHFIBLH_1	anhfiblh_04451	4594899	4596131	CDS	Prodigal:2.6	NA	multidrug_resistance_protein_mdth	NA	ab_initio_prediction:prodigal:2.6,similar_to_aa_sequence:uniprotkb:p69367	NA
gnl|UNB|ANHFIBLH_1	anhfiblh_04485	4630528	4631400	CDS	Prodigal:2.6	NA	pf01636.18_phosphotransferase_enzyme_family_[aro:3000000]	NA	ab_initio_prediction:prodigal:2.6,protein_motif:resfams_resistance:rf0032	NA
gnl|UNB|ANHFIBLH_1	anhfiblh_04540	4694355	4695401	CDS	Prodigal:2.6	NA	soxr:_mutant_efflux_regulatory_protein_conferring_antibiotic_resistance_[aro:3000836]	NA	ab_initio_prediction:prodigal:2.6,protein_motif:resfams_resistance:rf0121	NA
gnl|UNB|ANHFIBLH_1	anhfiblh_04576	4732360	4732836	CDS	Prodigal:2.6	NA	pf00583.19_acetyltransferase_(gnat)_family_[aro:3000000]	NA	ab_initio_prediction:prodigal:2.6,protein_motif:resfams_resistance:rf0011	NA
gnl|UNB|ANHFIBLH_1	anhfiblh_04816	4993981	4995219	CDS	Prodigal:2.6	NA	multidrug_resistance_protein_mdta	NA	ab_initio_prediction:prodigal:2.6,similar_to_aa_sequence:uniprotkb:p76397	NA
gnl|UNB|ANHFIBLH_1	anhfiblh_04817	4995219	4998341	CDS	Prodigal:2.6	NA	multidrug_resistance_protein_mdtb	NA	ab_initio_prediction:prodigal:2.6,similar_to_aa_sequence:uniprotkb:b7me87	NA
gnl|UNB|ANHFIBLH_1	anhfiblh_04818	4998342	5001419	CDS	Prodigal:2.6	NA	multidrug_resistance_protein_mdtc	NA	ab_initio_prediction:prodigal:2.6,similar_to_aa_sequence:uniprotkb:q7acm1	NA
gnl|UNB|ANHFIBLH_1	anhfiblh_04819	5001421	5002836	CDS	Prodigal:2.6	NA	putative_multidrug_resistance_protein_mdtd	NA	ab_initio_prediction:prodigal:2.6,similar_to_aa_sequence:uniprotkb:p36554	NA
gnl|UNB|ANHFIBLH_1	anhfiblh_04907	5100813	5102009	CDS	Prodigal:2.6	NA	bicyclomycin_resistance_protein	NA	ab_initio_prediction:prodigal:2.6,similar_to_aa_sequence:uniprotkb:p28246	NA
gnl|UNB|ANHFIBLH_1	anhfiblh_04912	5106101	5107387	CDS	Prodigal:2.6	NA	pf00144.19_beta-lactamase_[aro:3000001]	NA	ab_initio_prediction:prodigal:2.6,protein_motif:resfams_resistance:rf0038	NA
gnl|UNB|ANHFIBLH_1	anhfiblh_04987	5194603	5195130	CDS	Prodigal:2.6	NA	pf13302.1_acetyltransferase_(gnat)_domain_[aro:3000000]	NA	ab_initio_prediction:prodigal:2.6,protein_motif:resfams_resistance:rf0012	NA
gnl|UNB|ANHFIBLH_1	anhfiblh_05038	5232527	5233240	CDS	Prodigal:2.6	NA	pf07690.11_major_facilitator_superfamily_[aro:0010002]	NA	ab_initio_prediction:prodigal:2.6,protein_motif:resfams_resistance:rf0102	NA
gnl|UNB|ANHFIBLH_4	anhfiblh_05214	105988	106347	CDS	Prodigal:2.6	NA	adec-adek-oprm:_outer_membrane_factor_the_multidrug_efflux_complex_[aro:3000776%3baro:3000782%3baro:3000379]	NA	ab_initio_prediction:prodigal:2.6,protein_motif:resfams_resistance:rf0021	NA
gnl|UNB|ANHFIBLH_4	anhfiblh_05223	116523	117098	CDS	Prodigal:2.6	NA	copper_resistance_protein_a	NA	ab_initio_prediction:prodigal:2.6,similar_to_aa_sequence:uniprotkb:p12374	NA
gnl|UNB|ANHFIBLH_4	anhfiblh_05224	117196	118311	CDS	Prodigal:2.6	NA	copper_resistance_protein_a	NA	ab_initio_prediction:prodigal:2.6,similar_to_aa_sequence:uniprotkb:p12374	NA
gnl|UNB|ANHFIBLH_4	anhfiblh_05225	118330	119193	CDS	Prodigal:2.6	NA	copper_resistance_protein_b	NA	ab_initio_prediction:prodigal:2.6,similar_to_aa_sequence:uniprotkb:p12375	NA
gnl|UNB|ANHFIBLH_4	anhfiblh_05227	119648	120388	CDS	Prodigal:2.6	NA	copper_resistance_protein_d	NA	ab_initio_prediction:prodigal:2.6,similar_to_aa_sequence:uniprotkb:p12377	NA
gnl|UNB|ANHFIBLH_4	anhfiblh_05250	134416	134778	CDS	Prodigal:2.6	NA	arsenical_resistance_operon_trans-acting_repressor_arsd	NA	ab_initio_prediction:prodigal:2.6,similar_to_aa_sequence:uniprotkb:p46003	NA
gnl|UNB|ANHFIBLH_4	anhfiblh_05254	139016	140277	CDS	Prodigal:2.6	NA	leukotoxin_export_atp-binding_protein_ltxb	NA	ab_initio_prediction:prodigal:2.6,similar_to_aa_sequence:uniprotkb:p23702	NA
